{"total_loss": 0.4372439980506897, "cls_loss": 0.08855185657739639, "distance loss": 0.041350699961185455, "point_loss": 0.11658628284931183, "_runtime": 11, "_timestamp": 1637336743, "_step": 0, "graph_0": {"_type": "graph-file", "path": "media/graph/graph_0_summary_65ab2d07.graph.json", "sha256": "65ab2d07a165a5c9187f19bde05e07982ccf407b10d1e62b4d2d9ce1627a725f", "size": 29632}}