{"total_loss": 0.36910033226013184, "cls_loss": 0.06151531636714935, "distance loss": 0.029003694653511047, "point_loss": 0.11609043180942535, "_runtime": 32, "_timestamp": 1637335381, "_step": 1, "graph_0": {"_type": "graph-file", "path": "media/graph/graph_0_summary_b3b6ee58.graph.json", "sha256": "b3b6ee58976f4fa84095192f2c18df333cec8285927454a739edd3f884c6cbf8", "size": 29632}}