{"total_loss": 0.317378431558609, "cls_loss": 0.048119865357875824, "distance loss": 0.015593215823173523, "point_loss": 0.13388854265213013, "_runtime": 11, "_timestamp": 1637336460, "_step": 0, "graph_0": {"_type": "graph-file", "path": "media/graph/graph_0_summary_7f6f7555.graph.json", "sha256": "7f6f75555c05eddf64a413672d5e16fa43684eba862317cc48a11655b03d6141", "size": 29632}}